id,ime,priimek,plaƒça,agencija
273,Leanor,Magog,1230,3
698,Briant,Kingshott,1932,21
993,Virgil,Peterken,2156,24
584,Darleen,Harvett,1118,18
476,Graham,Linn,4065,27
26,Che,Brittlebank,5443,13
340,Donalt,Bever,1003,24
757,Marjie,Moohan,5266,1
652,Claudie,Leeds,2701,13
218,Henrieta,Tiesman,5493,24
481,Johnath,Cohn,6119,3
730,Darcey,Reuss,3454,15
65,Lissie,Levee,991,3
561,Germain,Yeates,2342,9
28,Ezequiel,Haskins,5223,29
554,Howey,Van der Son,7103,26
494,Ray,Burgoin,3850,20
201,Thedric,Longworthy,5183,16
645,Ber,Kobpac,4634,18
137,Torin,Fawley,941,24
627,Rhianna,Clegg,5865,14
531,Brice,Fandrey,3121,24
169,Hilary,Millward,6555,23
694,Roseanne,Kruger,2585,5
103,Friedrich,Waycott,1829,26
569,Tonia,Dmytryk,6342,15
429,Rachele,Wilfling,1502,19
294,Roz,De Ruel,1850,19
704,Juliana,MacGinlay,2030,30
530,Graig,Millbank,5840,12
720,Alberik,Radnage,5820,13
496,Caz,Westgate,5045,25
747,Shana,Frostdicke,2151,26
934,Zebulon,Natalie,4424,14
556,Gasparo,Brock,4170,9
778,Neddy,Saladin,1393,27
516,Kakalina,Giovannazzi,2748,12
769,Kelley,Buttery,2443,12
983,Jordan,Davidovic,4447,28
442,Kaela,Canacott,1285,21
57,Barthel,Simek,5033,8
323,Drucill,Bryde,5682,24
925,Terence,O'Keenan,5932,19
214,Shepperd,Ferras,1668,17
156,Galven,Holleworth,1034,20
831,Carolee,Annett,3378,13
787,Kimbell,Cressar,826,21
256,Julianna,Bilfoot,3818,28
655,Shae,Bracher,5883,17
433,Callida,Ligoe,6162,20
465,Waring,Scarsbrook,6163,8
282,Dav,McQuaid,5392,12
802,Gino,Eagleston,4705,1
331,Garik,Edger,1049,26
618,Louie,Mepsted,1326,2
973,Netti,Gionettitti,2481,1
952,Jdavie,Andover,1978,9
319,Lalo,Dorney,3697,8
191,Morly,Branston,3572,11
427,Berky,Chaudhry,5795,11
264,Cassondra,Ovendon,4866,7
610,Howey,Lieb,4913,16
823,Doloritas,Francisco,5815,3
924,Baillie,Haglinton,6358,22
713,Jeff,Gumby,4732,12
419,Tisha,Estoile,4421,8
9,Damara,Dudlestone,1277,20
906,Wain,Stansell,3310,16
225,Belle,Taill,4180,15
133,Suzie,Divall,1184,15
3,Allistir,Galletley,3561,29
808,Vina,Drewitt,2769,7
372,Jerald,Wash,1247,16
964,Rudiger,Hendrickx,1054,22
601,Hilarius,Plowman,1222,12
224,Ellswerth,Fawthorpe,6767,30
551,Wendie,Sayton,5204,15
100,Delilah,Pool,7077,29
235,Caritta,Bowness,4678,18
560,Marabel,Scandroot,5196,3
426,Miof mela,Sooley,1015,14
430,Kamilah,McCreedy,5630,4
971,Boycey,Kinder,2637,27
390,Cally,Haggart,3601,24
776,Annabel,Warre,6538,14
657,Nora,Snaddon,3209,13
66,Briny,Auld,2932,26
682,Marlo,Leefe,4039,25
775,Aline,Stallan,6579,5
643,Nari,Carnegie,6192,26
928,Lind,Lucien,5183,12
972,Sunny,Palay,6945,5
208,Gussie,Makin,1204,12
508,Maurita,Bremner,3134,15
782,Tove,Ingledew,3728,26
504,Chelsey,Swale,2790,28
502,Loni,Simonou,2346,17
233,Vonni,Gutch,5680,6
127,Hamel,Hegerty,1035,1
210,Lorie,Kuhnhardt,3124,23
997,Jacquette,Lashley,784,2
305,Lyn,Stansbie,1524,30
448,Bartholomeo,Chitter,1211,15
242,Lanita,Spenton,1664,15
715,Kriste,Milbourn,1966,27
343,Marcy,Stangroom,2769,24
200,Guido,Iskowitz,3238,1
529,Annecorinne,Cadalleder,6316,18
911,Harrietta,Langham,5421,28
384,Sascha,McEllen,4941,2
543,Asher,Knagges,2019,8
129,Claudio,Pitrollo,4114,7
789,Putnam,O'Feeny,5492,6
977,Cinda,Eisold,4491,25
317,Ive,Danshin,3024,16
951,Adriaens,Leads,1870,1
469,Alejandrina,Peperell,6101,14
656,Krystalle,Risso,2885,26
485,Ingra,Bricham,1389,23
913,Dunc,Tonkin,3523,6
308,Tasha,Ashforth,3939,30
70,Cliff,Maren,6620,16
591,Jefferey,Enderby,6741,18
719,Dani,Bergin,5643,26
96,Dylan,Dahlback,1373,15
99,Skipton,De Mitris,2515,6
547,Stinky,McEttigen,3877,10
609,Felita,Croce,1714,3
56,Gaile,McShane,6977,2
53,Emlyn,Kempstone,6693,27
6,Kerrill,McLauchlin,986,5
154,Alayne,Frankiewicz,4921,12
742,Corty,Lipgens,4061,4
752,Mara,Eickhoff,4884,19
918,Cherye,Paal,5544,5
756,Joellen,Gayter,2401,7
49,Price,Double,4034,9
265,Salome,McIllrick,3180,4
277,Darnall,Girard,1847,4
882,Ara,Keyser,4095,23
192,Rosalind,Scamwell,6527,11
751,Henrik,Richardt,4550,21
455,Ty,Chelsom,2146,8
680,Sascha,Barehead,3230,16
22,Leonhard,Liebermann,6901,12
722,Yard,Skittrell,6790,23
355,Fons,Podbury,3600,26
533,Ewart,McMurraya,2686,12
987,Terence,Jaggard,759,4
542,Emilie,Jirak,4071,1
220,Cassaundra,Abbay,7041,7
407,Beau,Alexandrou,4481,13
960,Vail,Crangle,6232,3
933,Jessamyn,Bram,5918,5
392,Sayer,Mattis,4661,14
811,Thibaut,Mawdsley,3701,30
702,Jeff,Girardin,5319,10
604,Mariel,Hounsom,4513,1
153,Anestassia,McBeith,2782,29
679,Sashenka,Whitefoot,7162,19
724,Kimbra,Brunning,3044,21
241,Guillemette,Boncore,1091,4
5,Skippy,Rany,4846,21
353,Gibbie,Fulbrook,3499,16
252,Enrichetta,Padillo,2409,12
796,Redd,Rilton,5489,19
182,Loise,Brion,6967,16
13,Tallie,Caley,2220,27
492,Karilynn,Hender,780,21
727,Arnold,Roony,6509,5
527,Haleigh,Morrad,731,4
80,Andy,Oolahan,4704,13
611,Erwin,Sidebottom,1053,3
245,Farly,Hughes,2469,30
438,Pancho,Shervington,3023,24
815,Wendi,Bartoloma,6469,14
781,Mehetabel,Tryme,750,12
491,Etty,Pooley,1069,27
681,Clarence,Foffano,2424,28
107,Noemi,MacArthur,6291,19
965,Vern,Barnes,2623,28
568,Herbie,Burtonwood,3464,4
280,Tucky,Kalf,1438,6
105,Karlan,Castiblanco,1134,13
961,Rosanne,Broker,5726,30
795,Crawford,Torres,4115,19
444,Ingrim,Slowgrave,5742,12
262,Huberto,Fiske,1148,18
957,Lorry,Rowter,6582,16
304,Maxi,Awdry,6587,21
345,Bastian,Quinney,3947,7
783,Clive,MacIver,5508,8
110,Sosanna,Tinston,3830,5
740,Maryellen,Wallett,2577,29
788,Bunny,Berndtsson,6485,29
371,Candice,Lassell,1793,5
966,Fletch,Durnell,1334,14
160,Carlee,Brecher,6486,13
711,Rozella,Court,6447,27
244,Conn,McCambridge,6668,28
988,Rutledge,Kernley,1877,7
915,Harriot,Lethabridge,2256,7
4,Nikolos,Kemmer,6785,3
938,Diahann,Karpe,4234,12
261,Dido,Daymond,3225,29
431,Sherm,Buffey,4086,2
61,Fleurette,Weatherill,2016,16
109,Lu,Jan,3887,13
801,Stewart,Yurevich,1027,19
171,Juieta,Percifull,1594,9
907,Petronille,Mordon,7074,28
532,Darryl,Kew,5942,7
41,Brenna,Guerra,1876,22
929,Ricki,Labarre,1459,30
632,Mariya,Kerrane,2503,11
120,Gottfried,Loalday,4632,11
986,Fons,Maffezzoli,1319,12
421,Caddric,Spellworth,5502,4
291,Malvin,Highway,6008,27
365,Roman,Schleicher,2826,5
932,Charmian,Heaford,4867,7
538,Mathias,Flicker,2909,26
416,Helsa,Tirte,2818,9
633,Briant,Jeff,1652,16
249,Wiley,O'Loughlin,1982,27
254,Webster,Issacoff,5577,23
432,Iris,Eccott,6790,29
813,Dulciana,Bruggeman,6841,18
486,Rosaleen,Tappin,6405,14
553,Kirstyn,Hanson,3036,16
356,Melisande,Gulc,1302,5
578,Oralee,Plaistowe,3492,3
290,Adriena,Hugh,5088,22
357,Rebe,Dagg,4506,12
30,Regan,Cartwight,6871,13
927,Ewan,Scatcher,5212,5
962,Shirley,Melladew,4908,30
506,Ethe,Murt,2958,29
733,Adore,Lackington,1281,21
773,Bernadine,Tettersell,4305,8
590,Gaston,Dunstall,4484,14
763,Steward,Kenn,5409,4
846,Nanice,Micka,2428,25
115,Fonsie,Gotfrey,4566,21
8,Cyb,Spensley,3430,7
436,Silvan,Jaqueminet,2758,18
229,Elvina,Canellas,2577,1
178,Bobinette,Duncanson,3869,3
88,Jorey,Elders,1510,20
327,Lusa,Crennell,935,7
86,Alverta,Joye,2053,20
614,Reinhard,Vidineev,6809,25
804,Harrie,McNair,5939,7
203,Morna,Ronnay,5795,6
142,Reagen,Ogilvy,1028,11
268,Marsiella,Rattery,4390,6
842,Skye,Bear,5327,21
146,Gretta,Applebee,4783,13
272,Libby,Connachan,1817,3
576,Elonore,Beall,4396,20
338,Inesita,Duplan,710,27
25,Cordi,Coenraets,3107,24
914,Gerhard,Clarson,3574,21
136,Ronnie,Woodington,4044,23
573,Katey,Faulder,1118,30
677,Alecia,Hall,2463,27
325,Stanwood,Shermar,1433,26
629,Claus,Farbrace,4645,3
226,Foss,Curgenven,5241,4
98,Lena,Buller,6967,6
369,Mead,Artindale,3750,18
888,Garry,Dougal,2104,22
871,Elane,Garmston,5969,28
94,Kassey,Kauscher,6069,28
867,Malina,Chandlar,2011,2
728,Kelsi,Pinks,4575,27
526,Betti,Dinneen,4165,13
884,Waldon,Cadman,1781,14
403,Chico,Castelain,3923,7
563,Haze,Spurritt,5583,24
19,Griff,Spon,6577,28
333,Arturo,Winfield,925,16
603,Sheppard,Grinikhin,2144,12
69,Cazzie,Schumacher,4451,7
128,Lanny,Goffe,6762,30
40,Uriel,Hamblett,2562,27
82,Domeniga,Silcocks,4861,2
541,Antoni,Mitkcov,607,11
585,Nealy,Skentelbery,3944,6
665,Jocelyn,Toner,4689,1
342,Allys,Fancott,3405,17
269,Aubry,Vanderplas,1889,14
164,Nevil,Rivelin,755,11
212,Leia,Hinemoor,4987,15
937,Alyson,Gong,6338,11
181,Padget,Startin,6774,8
459,Olenka,Flockhart,6178,30
415,Wheeler,Copcutt,4032,17
880,Mendel,McQuilkin,5325,6
844,Susanetta,Marchbank,3583,21
947,Crissy,Amberg,3433,13
383,Nathalie,Saye,986,4
370,Rochella,Taffie,2996,14
219,Benjy,Vigneron,1120,22
381,Justinn,Croker,2184,6
942,Martha,Bagnold,3226,26
840,Dill,Peddar,1838,26
332,Shannan,Spelwood,4149,27
900,Nedi,Saunier,3107,4
696,Mahmud,Mearns,6597,24
721,Kimmi,Grenfell,1605,22
46,Gannie,Asser,6403,26
994,Sawyere,McFetrich,4277,20
647,Shandra,Blackbrough,4792,21
132,Pippo,Machen,2070,4
195,Bret,Gavrielli,2247,18
190,Sigvard,Shervington,6528,12
42,Karola,Ohanessian,2761,14
869,Goldie,Frushard,3469,11
985,Sheppard,Casham,1145,12
539,Shep,Hulcoop,2302,26
122,Teodorico,Fullerd,3128,10
67,Frederik,Stummeyer,5335,30
464,Darbee,O'Geneay,6497,22
315,Jeanine,Ellingworth,3881,9
577,Madelin,Monget,5851,26
350,Randal,Rewan,6099,24
409,Georgy,Serman,5410,10
162,Dorothea,McCorley,6145,8
909,Micky,Victoria,797,8
736,Dorene,Bartalot,4729,28
659,Godwin,Rogger,3647,21
794,Vinita,Ayres,4688,28
243,Randie,McManamen,7073,8
246,Donavon,Jochanany,6198,16
266,Elvira,Statton,6247,12
726,Didi,Fullick,7041,10
322,Cal,Cumberland,2659,8
194,Tris,Parkman,2860,13
24,Dalila,Pocklington,5979,5
418,Bunnie,Thome,6568,1
706,Valentina,Rosengarten,4144,2
536,Finlay,Prescott,3705,16
745,Bronny,Greve,2911,3
385,Frances,Hawkey,881,17
980,Gretna,Markova,6411,26
232,Caril,Borris,1680,23
364,Tyler,MacAskill,2441,7
117,Mickie,McGurgan,5911,16
806,Herminia,Townley,906,18
729,Katya,Saffe,4476,1
15,Samantha,Barneville,2632,11
953,Alanah,Glasby,3414,25
404,Eudora,Wreath,964,25
253,Marla,Mallock,3000,29
271,Thornton,Biever,1251,4
202,Dehlia,Stead,5160,23
43,Rochette,Wabe,2492,18
940,Sebastien,Bountiff,5147,24
896,Saudra,Coveny,7037,3
534,Hana,Dracey,1143,30
967,Rossie,Brechin,4764,6
335,Luella,Salomon,5978,17
74,Tremaine,Tebbutt,2943,6
535,Jany,McKue,1820,7
819,Collette,Quarry,2975,5
676,Fairleigh,Collopy,6942,15
639,Camala,Matthius,2798,13
705,Jobyna,Wheelband,2345,30
693,Mariana,Sheehan,4045,3
959,Herb,Bladder,3341,2
102,Clotilda,Orans,4784,1
478,Sigfrid,Klee,3626,14
306,Chiquita,Gooda,651,21
686,Sorcha,Titcumb,929,21
215,Merv,Van den Dael,6941,6
276,Josepha,Peatheyjohns,2486,27
654,Rinaldo,Philpot,5754,16
768,Bartholomeus,Szapiro,4461,8
793,Jerrold,Dennant,1561,21
157,Nicolis,Gledhall,1529,24
228,Wynne,Jamison,3879,17
34,Eleonora,Buscher,2794,16
648,Dara,Burnham,3872,19
642,Niels,Seeds,5396,27
865,Doralynn,Sherrington,4831,20
17,Benito,Fossord,6490,30
828,Bobbette,Chastang,3621,4
571,Vasilis,Meddemmen,4801,23
845,Karl,Blenkhorn,6521,24
999,Celesta,Dudleston,6305,12
889,Bev,Laight,2764,22
101,Rosie,Butterick,6923,18
472,Sutherlan,Klyn,5755,2
172,Porter,Meeland,6762,11
566,Sherilyn,Jobes,4161,22
771,Alfreda,Mumm,6243,26
501,Natty,Moultrie,6164,6
500,Cathee,Klicher,1315,26
937,Henri,Attenbrough,4315,26
